run_id,scenario,regime,delay,depth,attempted,accepted,unauthorized_accepted,invalid_grants,budget_excess,post_revocation,unsafe_accepted,legitimate_opportunities,legitimate_completed,legitimate_blocked,false_hold_blocks,reports,resolved,resolution_latency,unresolved,spent
legitimate-log-d0-h1,legitimate,log,0,1,4,4,0,0,0,0,0,4,4,0,0,0,0,,0,40
legitimate-log-d0-h3,legitimate,log,0,3,4,4,0,0,0,0,0,4,4,0,0,0,0,,0,40
legitimate-log-d2-h1,legitimate,log,2,1,4,4,0,0,0,0,0,4,4,0,0,0,0,,0,40
legitimate-log-d2-h3,legitimate,log,2,3,4,4,0,0,0,0,0,4,4,0,0,0,0,,0,40
legitimate-log-d6-h1,legitimate,log,6,1,4,4,0,0,0,0,0,4,4,0,0,0,0,,0,40
legitimate-log-d6-h3,legitimate,log,6,3,4,4,0,0,0,0,0,4,4,0,0,0,0,,0,40
legitimate-local-d0-h1,legitimate,local,0,1,4,4,0,0,0,0,0,4,4,0,0,0,0,,0,40
legitimate-local-d0-h3,legitimate,local,0,3,4,4,0,0,0,0,0,4,4,0,0,0,0,,0,40
legitimate-local-d2-h1,legitimate,local,2,1,4,4,0,0,0,0,0,4,4,0,0,0,0,,0,40
legitimate-local-d2-h3,legitimate,local,2,3,4,4,0,0,0,0,0,4,4,0,0,0,0,,0,40
legitimate-local-d6-h1,legitimate,local,6,1,4,4,0,0,0,0,0,4,4,0,0,0,0,,0,40
legitimate-local-d6-h3,legitimate,local,6,3,4,4,0,0,0,0,0,4,4,0,0,0,0,,0,40
legitimate-hierarchy-d0-h1,legitimate,hierarchy,0,1,4,4,0,0,0,0,0,4,4,0,0,0,0,,0,40
legitimate-hierarchy-d0-h3,legitimate,hierarchy,0,3,4,4,0,0,0,0,0,4,4,0,0,0,0,,0,40
legitimate-hierarchy-d2-h1,legitimate,hierarchy,2,1,4,4,0,0,0,0,0,4,4,0,0,0,0,,0,40
legitimate-hierarchy-d2-h3,legitimate,hierarchy,2,3,4,4,0,0,0,0,0,4,4,0,0,0,0,,0,40
legitimate-hierarchy-d6-h1,legitimate,hierarchy,6,1,4,4,0,0,0,0,0,4,4,0,0,0,0,,0,40
legitimate-hierarchy-d6-h3,legitimate,hierarchy,6,3,4,4,0,0,0,0,0,4,4,0,0,0,0,,0,40
legitimate-review-d0-h1,legitimate,review,0,1,4,4,0,0,0,0,0,4,4,0,0,0,0,,0,40
legitimate-review-d0-h3,legitimate,review,0,3,4,4,0,0,0,0,0,4,4,0,0,0,0,,0,40
legitimate-review-d2-h1,legitimate,review,2,1,4,4,0,0,0,0,0,4,4,0,0,0,0,,0,40
legitimate-review-d2-h3,legitimate,review,2,3,4,4,0,0,0,0,0,4,4,0,0,0,0,,0,40
legitimate-review-d6-h1,legitimate,review,6,1,4,4,0,0,0,0,0,4,4,0,0,0,0,,0,40
legitimate-review-d6-h3,legitimate,review,6,3,4,4,0,0,0,0,0,4,4,0,0,0,0,,0,40
split_budget-log-d0-h1,split_budget,log,0,1,4,4,2,0,60,0,0,2,2,0,0,0,0,,0,160
split_budget-log-d0-h3,split_budget,log,0,3,4,4,2,0,60,0,0,2,2,0,0,0,0,,0,160
split_budget-log-d2-h1,split_budget,log,2,1,4,4,2,0,60,0,0,2,2,0,0,0,0,,0,160
split_budget-log-d2-h3,split_budget,log,2,3,4,4,2,0,60,0,0,2,2,0,0,0,0,,0,160
split_budget-log-d6-h1,split_budget,log,6,1,4,4,2,0,60,0,0,2,2,0,0,0,0,,0,160
split_budget-log-d6-h3,split_budget,log,6,3,4,4,2,0,60,0,0,2,2,0,0,0,0,,0,160
split_budget-local-d0-h1,split_budget,local,0,1,4,4,2,0,60,0,0,2,2,0,0,0,0,,0,160
split_budget-local-d0-h3,split_budget,local,0,3,4,4,2,0,60,0,0,2,2,0,0,0,0,,0,160
split_budget-local-d2-h1,split_budget,local,2,1,4,4,2,0,60,0,0,2,2,0,0,0,0,,0,160
split_budget-local-d2-h3,split_budget,local,2,3,4,4,2,0,60,0,0,2,2,0,0,0,0,,0,160
split_budget-local-d6-h1,split_budget,local,6,1,4,4,2,0,60,0,0,2,2,0,0,0,0,,0,160
split_budget-local-d6-h3,split_budget,local,6,3,4,4,2,0,60,0,0,2,2,0,0,0,0,,0,160
split_budget-hierarchy-d0-h1,split_budget,hierarchy,0,1,4,2,0,0,0,0,0,2,2,0,0,0,0,,0,80
split_budget-hierarchy-d0-h3,split_budget,hierarchy,0,3,4,2,0,0,0,0,0,2,2,0,0,0,0,,0,80
split_budget-hierarchy-d2-h1,split_budget,hierarchy,2,1,4,2,0,0,0,0,0,2,2,0,0,0,0,,0,80
split_budget-hierarchy-d2-h3,split_budget,hierarchy,2,3,4,2,0,0,0,0,0,2,2,0,0,0,0,,0,80
split_budget-hierarchy-d6-h1,split_budget,hierarchy,6,1,4,2,0,0,0,0,0,2,2,0,0,0,0,,0,80
split_budget-hierarchy-d6-h3,split_budget,hierarchy,6,3,4,2,0,0,0,0,0,2,2,0,0,0,0,,0,80
split_budget-review-d0-h1,split_budget,review,0,1,4,2,0,0,0,0,0,2,2,0,0,0,0,,0,80
split_budget-review-d0-h3,split_budget,review,0,3,4,2,0,0,0,0,0,2,2,0,0,0,0,,0,80
split_budget-review-d2-h1,split_budget,review,2,1,4,2,0,0,0,0,0,2,2,0,0,0,0,,0,80
split_budget-review-d2-h3,split_budget,review,2,3,4,2,0,0,0,0,0,2,2,0,0,0,0,,0,80
split_budget-review-d6-h1,split_budget,review,6,1,4,2,0,0,0,0,0,2,2,0,0,0,0,,0,80
split_budget-review-d6-h3,split_budget,review,6,3,4,2,0,0,0,0,0,2,2,0,0,0,0,,0,80
overdelegate-log-d0-h1,overdelegate,log,0,1,2,2,2,1,0,0,0,0,0,0,0,0,0,,0,20
overdelegate-log-d0-h3,overdelegate,log,0,3,2,2,2,1,0,0,0,0,0,0,0,0,0,,0,20
overdelegate-log-d2-h1,overdelegate,log,2,1,2,2,2,1,0,0,0,0,0,0,0,0,0,,0,20
overdelegate-log-d2-h3,overdelegate,log,2,3,2,2,2,1,0,0,0,0,0,0,0,0,0,,0,20
overdelegate-log-d6-h1,overdelegate,log,6,1,2,2,2,1,0,0,0,0,0,0,0,0,0,,0,20
overdelegate-log-d6-h3,overdelegate,log,6,3,2,2,2,1,0,0,0,0,0,0,0,0,0,,0,20
overdelegate-local-d0-h1,overdelegate,local,0,1,2,2,2,1,0,0,0,0,0,0,0,0,0,,0,20
overdelegate-local-d0-h3,overdelegate,local,0,3,2,2,2,1,0,0,0,0,0,0,0,0,0,,0,20
overdelegate-local-d2-h1,overdelegate,local,2,1,2,2,2,1,0,0,0,0,0,0,0,0,0,,0,20
overdelegate-local-d2-h3,overdelegate,local,2,3,2,2,2,1,0,0,0,0,0,0,0,0,0,,0,20
overdelegate-local-d6-h1,overdelegate,local,6,1,2,2,2,1,0,0,0,0,0,0,0,0,0,,0,20
overdelegate-local-d6-h3,overdelegate,local,6,3,2,2,2,1,0,0,0,0,0,0,0,0,0,,0,20
overdelegate-hierarchy-d0-h1,overdelegate,hierarchy,0,1,2,0,0,0,0,0,0,0,0,0,0,0,0,,0,0
overdelegate-hierarchy-d0-h3,overdelegate,hierarchy,0,3,2,0,0,0,0,0,0,0,0,0,0,0,0,,0,0
overdelegate-hierarchy-d2-h1,overdelegate,hierarchy,2,1,2,0,0,0,0,0,0,0,0,0,0,0,0,,0,0
overdelegate-hierarchy-d2-h3,overdelegate,hierarchy,2,3,2,0,0,0,0,0,0,0,0,0,0,0,0,,0,0
overdelegate-hierarchy-d6-h1,overdelegate,hierarchy,6,1,2,0,0,0,0,0,0,0,0,0,0,0,0,,0,0
overdelegate-hierarchy-d6-h3,overdelegate,hierarchy,6,3,2,0,0,0,0,0,0,0,0,0,0,0,0,,0,0
overdelegate-review-d0-h1,overdelegate,review,0,1,2,0,0,0,0,0,0,0,0,0,0,0,0,,0,0
overdelegate-review-d0-h3,overdelegate,review,0,3,2,0,0,0,0,0,0,0,0,0,0,0,0,,0,0
overdelegate-review-d2-h1,overdelegate,review,2,1,2,0,0,0,0,0,0,0,0,0,0,0,0,,0,0
overdelegate-review-d2-h3,overdelegate,review,2,3,2,0,0,0,0,0,0,0,0,0,0,0,0,,0,0
overdelegate-review-d6-h1,overdelegate,review,6,1,2,0,0,0,0,0,0,0,0,0,0,0,0,,0,0
overdelegate-review-d6-h3,overdelegate,review,6,3,2,0,0,0,0,0,0,0,0,0,0,0,0,,0,0
expired-log-d0-h1,expired,log,0,1,6,6,5,1,0,0,0,1,1,0,0,0,0,,0,60
expired-log-d0-h3,expired,log,0,3,6,6,5,1,0,0,0,1,1,0,0,0,0,,0,60
expired-log-d2-h1,expired,log,2,1,6,6,5,1,0,0,0,1,1,0,0,0,0,,0,60
expired-log-d2-h3,expired,log,2,3,6,6,5,1,0,0,0,1,1,0,0,0,0,,0,60
expired-log-d6-h1,expired,log,6,1,6,6,5,1,0,0,0,1,1,0,0,0,0,,0,60
expired-log-d6-h3,expired,log,6,3,6,6,5,1,0,0,0,1,1,0,0,0,0,,0,60
expired-local-d0-h1,expired,local,0,1,6,4,3,1,0,0,0,1,1,0,0,0,0,,0,40
expired-local-d0-h3,expired,local,0,3,6,4,3,1,0,0,0,1,1,0,0,0,0,,0,40
expired-local-d2-h1,expired,local,2,1,6,4,3,1,0,0,0,1,1,0,0,0,0,,0,40
expired-local-d2-h3,expired,local,2,3,6,4,3,1,0,0,0,1,1,0,0,0,0,,0,40
expired-local-d6-h1,expired,local,6,1,6,4,3,1,0,0,0,1,1,0,0,0,0,,0,40
expired-local-d6-h3,expired,local,6,3,6,4,3,1,0,0,0,1,1,0,0,0,0,,0,40
expired-hierarchy-d0-h1,expired,hierarchy,0,1,6,1,0,0,0,0,0,1,1,0,0,0,0,,0,10
expired-hierarchy-d0-h3,expired,hierarchy,0,3,6,1,0,0,0,0,0,1,1,0,0,0,0,,0,10
expired-hierarchy-d2-h1,expired,hierarchy,2,1,6,1,0,0,0,0,0,1,1,0,0,0,0,,0,10
expired-hierarchy-d2-h3,expired,hierarchy,2,3,6,1,0,0,0,0,0,1,1,0,0,0,0,,0,10
expired-hierarchy-d6-h1,expired,hierarchy,6,1,6,1,0,0,0,0,0,1,1,0,0,0,0,,0,10
expired-hierarchy-d6-h3,expired,hierarchy,6,3,6,1,0,0,0,0,0,1,1,0,0,0,0,,0,10
expired-review-d0-h1,expired,review,0,1,6,1,0,0,0,0,0,1,1,0,0,0,0,,0,10
expired-review-d0-h3,expired,review,0,3,6,1,0,0,0,0,0,1,1,0,0,0,0,,0,10
expired-review-d2-h1,expired,review,2,1,6,1,0,0,0,0,0,1,1,0,0,0,0,,0,10
expired-review-d2-h3,expired,review,2,3,6,1,0,0,0,0,0,1,1,0,0,0,0,,0,10
expired-review-d6-h1,expired,review,6,1,6,1,0,0,0,0,0,1,1,0,0,0,0,,0,10
expired-review-d6-h3,expired,review,6,3,6,1,0,0,0,0,0,1,1,0,0,0,0,,0,10
revoked_pending-log-d0-h1,revoked_pending,log,0,1,3,3,2,0,0,2,0,1,1,0,0,0,0,,0,30
revoked_pending-log-d0-h3,revoked_pending,log,0,3,3,3,2,0,0,2,0,1,1,0,0,0,0,,0,30
revoked_pending-log-d2-h1,revoked_pending,log,2,1,3,3,2,0,0,2,0,1,1,0,0,0,0,,0,30
revoked_pending-log-d2-h3,revoked_pending,log,2,3,3,3,2,0,0,2,0,1,1,0,0,0,0,,0,30
revoked_pending-log-d6-h1,revoked_pending,log,6,1,3,3,2,0,0,2,0,1,1,0,0,0,0,,0,30
revoked_pending-log-d6-h3,revoked_pending,log,6,3,3,3,2,0,0,2,0,1,1,0,0,0,0,,0,30
revoked_pending-local-d0-h1,revoked_pending,local,0,1,3,3,2,0,0,2,0,1,1,0,0,0,0,,0,30
revoked_pending-local-d0-h3,revoked_pending,local,0,3,3,3,2,0,0,2,0,1,1,0,0,0,0,,0,30
revoked_pending-local-d2-h1,revoked_pending,local,2,1,3,3,2,0,0,2,0,1,1,0,0,0,0,,0,30
revoked_pending-local-d2-h3,revoked_pending,local,2,3,3,3,2,0,0,2,0,1,1,0,0,0,0,,0,30
revoked_pending-local-d6-h1,revoked_pending,local,6,1,3,3,2,0,0,2,0,1,1,0,0,0,0,,0,30
revoked_pending-local-d6-h3,revoked_pending,local,6,3,3,3,2,0,0,2,0,1,1,0,0,0,0,,0,30
revoked_pending-hierarchy-d0-h1,revoked_pending,hierarchy,0,1,3,1,0,0,0,0,0,1,1,0,0,0,0,,0,10
revoked_pending-hierarchy-d0-h3,revoked_pending,hierarchy,0,3,3,1,0,0,0,0,0,1,1,0,0,0,0,,0,10
revoked_pending-hierarchy-d2-h1,revoked_pending,hierarchy,2,1,3,1,0,0,0,0,0,1,1,0,0,0,0,,0,10
revoked_pending-hierarchy-d2-h3,revoked_pending,hierarchy,2,3,3,1,0,0,0,0,0,1,1,0,0,0,0,,0,10
revoked_pending-hierarchy-d6-h1,revoked_pending,hierarchy,6,1,3,1,0,0,0,0,0,1,1,0,0,0,0,,0,10
revoked_pending-hierarchy-d6-h3,revoked_pending,hierarchy,6,3,3,1,0,0,0,0,0,1,1,0,0,0,0,,0,10
revoked_pending-review-d0-h1,revoked_pending,review,0,1,3,1,0,0,0,0,0,1,1,0,0,0,0,,0,10
revoked_pending-review-d0-h3,revoked_pending,review,0,3,3,1,0,0,0,0,0,1,1,0,0,0,0,,0,10
revoked_pending-review-d2-h1,revoked_pending,review,2,1,3,1,0,0,0,0,0,1,1,0,0,0,0,,0,10
revoked_pending-review-d2-h3,revoked_pending,review,2,3,3,1,0,0,0,0,0,1,1,0,0,0,0,,0,10
revoked_pending-review-d6-h1,revoked_pending,review,6,1,3,1,0,0,0,0,0,1,1,0,0,0,0,,0,10
revoked_pending-review-d6-h3,revoked_pending,review,6,3,3,1,0,0,0,0,0,1,1,0,0,0,0,,0,10
missing_input-log-d0-h1,missing_input,log,0,1,20,10,0,0,0,0,0,20,10,10,0,1,0,,1,10
missing_input-log-d0-h3,missing_input,log,0,3,20,10,0,0,0,0,0,20,10,10,0,1,0,,1,10
missing_input-log-d2-h1,missing_input,log,2,1,20,10,0,0,0,0,0,20,10,10,0,1,0,,1,10
missing_input-log-d2-h3,missing_input,log,2,3,20,10,0,0,0,0,0,20,10,10,0,1,0,,1,10
missing_input-log-d6-h1,missing_input,log,6,1,20,10,0,0,0,0,0,20,10,10,0,1,0,,1,10
missing_input-log-d6-h3,missing_input,log,6,3,20,10,0,0,0,0,0,20,10,10,0,1,0,,1,10
missing_input-local-d0-h1,missing_input,local,0,1,20,10,0,0,0,0,0,20,10,10,0,1,0,,1,10
missing_input-local-d0-h3,missing_input,local,0,3,20,10,0,0,0,0,0,20,10,10,0,1,0,,1,10
missing_input-local-d2-h1,missing_input,local,2,1,20,10,0,0,0,0,0,20,10,10,0,1,0,,1,10
missing_input-local-d2-h3,missing_input,local,2,3,20,10,0,0,0,0,0,20,10,10,0,1,0,,1,10
missing_input-local-d6-h1,missing_input,local,6,1,20,10,0,0,0,0,0,20,10,10,0,1,0,,1,10
missing_input-local-d6-h3,missing_input,local,6,3,20,10,0,0,0,0,0,20,10,10,0,1,0,,1,10
missing_input-hierarchy-d0-h1,missing_input,hierarchy,0,1,20,10,0,0,0,0,0,20,10,10,0,1,0,,1,10
missing_input-hierarchy-d0-h3,missing_input,hierarchy,0,3,20,10,0,0,0,0,0,20,10,10,0,1,0,,1,10
missing_input-hierarchy-d2-h1,missing_input,hierarchy,2,1,20,10,0,0,0,0,0,20,10,10,0,1,0,,1,10
missing_input-hierarchy-d2-h3,missing_input,hierarchy,2,3,20,10,0,0,0,0,0,20,10,10,0,1,0,,1,10
missing_input-hierarchy-d6-h1,missing_input,hierarchy,6,1,20,10,0,0,0,0,0,20,10,10,0,1,0,,1,10
missing_input-hierarchy-d6-h3,missing_input,hierarchy,6,3,20,10,0,0,0,0,0,20,10,10,0,1,0,,1,10
missing_input-review-d0-h1,missing_input,review,0,1,20,20,0,0,0,0,0,20,20,0,0,1,1,0,0,20
missing_input-review-d0-h3,missing_input,review,0,3,20,20,0,0,0,0,0,20,20,0,0,1,1,0,0,20
missing_input-review-d2-h1,missing_input,review,2,1,20,18,0,0,0,0,0,20,18,2,0,1,1,2,0,18
missing_input-review-d2-h3,missing_input,review,2,3,20,18,0,0,0,0,0,20,18,2,0,1,1,2,0,18
missing_input-review-d6-h1,missing_input,review,6,1,20,14,0,0,0,0,0,20,14,6,0,1,1,6,0,14
missing_input-review-d6-h3,missing_input,review,6,3,20,14,0,0,0,0,0,20,14,6,0,1,1,6,0,14
false_alarm-log-d0-h1,false_alarm,log,0,1,20,20,0,0,0,0,0,20,20,0,0,1,0,,1,20
false_alarm-log-d0-h3,false_alarm,log,0,3,20,20,0,0,0,0,0,20,20,0,0,1,0,,1,20
false_alarm-log-d2-h1,false_alarm,log,2,1,20,20,0,0,0,0,0,20,20,0,0,1,0,,1,20
false_alarm-log-d2-h3,false_alarm,log,2,3,20,20,0,0,0,0,0,20,20,0,0,1,0,,1,20
false_alarm-log-d6-h1,false_alarm,log,6,1,20,20,0,0,0,0,0,20,20,0,0,1,0,,1,20
false_alarm-log-d6-h3,false_alarm,log,6,3,20,20,0,0,0,0,0,20,20,0,0,1,0,,1,20
false_alarm-local-d0-h1,false_alarm,local,0,1,20,20,0,0,0,0,0,20,20,0,0,1,0,,1,20
false_alarm-local-d0-h3,false_alarm,local,0,3,20,20,0,0,0,0,0,20,20,0,0,1,0,,1,20
false_alarm-local-d2-h1,false_alarm,local,2,1,20,20,0,0,0,0,0,20,20,0,0,1,0,,1,20
false_alarm-local-d2-h3,false_alarm,local,2,3,20,20,0,0,0,0,0,20,20,0,0,1,0,,1,20
false_alarm-local-d6-h1,false_alarm,local,6,1,20,20,0,0,0,0,0,20,20,0,0,1,0,,1,20
false_alarm-local-d6-h3,false_alarm,local,6,3,20,20,0,0,0,0,0,20,20,0,0,1,0,,1,20
false_alarm-hierarchy-d0-h1,false_alarm,hierarchy,0,1,20,20,0,0,0,0,0,20,20,0,0,1,0,,1,20
false_alarm-hierarchy-d0-h3,false_alarm,hierarchy,0,3,20,20,0,0,0,0,0,20,20,0,0,1,0,,1,20
false_alarm-hierarchy-d2-h1,false_alarm,hierarchy,2,1,20,20,0,0,0,0,0,20,20,0,0,1,0,,1,20
false_alarm-hierarchy-d2-h3,false_alarm,hierarchy,2,3,20,20,0,0,0,0,0,20,20,0,0,1,0,,1,20
false_alarm-hierarchy-d6-h1,false_alarm,hierarchy,6,1,20,20,0,0,0,0,0,20,20,0,0,1,0,,1,20
false_alarm-hierarchy-d6-h3,false_alarm,hierarchy,6,3,20,20,0,0,0,0,0,20,20,0,0,1,0,,1,20
false_alarm-review-d0-h1,false_alarm,review,0,1,20,20,0,0,0,0,0,20,20,0,0,1,1,0,0,20
false_alarm-review-d0-h3,false_alarm,review,0,3,20,20,0,0,0,0,0,20,20,0,0,1,1,0,0,20
false_alarm-review-d2-h1,false_alarm,review,2,1,20,18,0,0,0,0,0,20,18,2,2,1,1,2,0,18
false_alarm-review-d2-h3,false_alarm,review,2,3,20,18,0,0,0,0,0,20,18,2,2,1,1,2,0,18
false_alarm-review-d6-h1,false_alarm,review,6,1,20,14,0,0,0,0,0,20,14,6,6,1,1,6,0,14
false_alarm-review-d6-h3,false_alarm,review,6,3,20,14,0,0,0,0,0,20,14,6,6,1,1,6,0,14
suppressed_minority-log-d0-h1,suppressed_minority,log,0,1,20,20,0,0,0,0,10,10,10,0,0,1,0,,1,20
suppressed_minority-log-d0-h3,suppressed_minority,log,0,3,20,20,0,0,0,0,10,10,10,0,0,1,0,,1,20
suppressed_minority-log-d2-h1,suppressed_minority,log,2,1,20,20,0,0,0,0,10,10,10,0,0,1,0,,1,20
suppressed_minority-log-d2-h3,suppressed_minority,log,2,3,20,20,0,0,0,0,10,10,10,0,0,1,0,,1,20
suppressed_minority-log-d6-h1,suppressed_minority,log,6,1,20,20,0,0,0,0,10,10,10,0,0,1,0,,1,20
suppressed_minority-log-d6-h3,suppressed_minority,log,6,3,20,20,0,0,0,0,10,10,10,0,0,1,0,,1,20
suppressed_minority-local-d0-h1,suppressed_minority,local,0,1,20,20,0,0,0,0,10,10,10,0,0,1,0,,1,20
suppressed_minority-local-d0-h3,suppressed_minority,local,0,3,20,20,0,0,0,0,10,10,10,0,0,1,0,,1,20
suppressed_minority-local-d2-h1,suppressed_minority,local,2,1,20,20,0,0,0,0,10,10,10,0,0,1,0,,1,20
suppressed_minority-local-d2-h3,suppressed_minority,local,2,3,20,20,0,0,0,0,10,10,10,0,0,1,0,,1,20
suppressed_minority-local-d6-h1,suppressed_minority,local,6,1,20,20,0,0,0,0,10,10,10,0,0,1,0,,1,20
suppressed_minority-local-d6-h3,suppressed_minority,local,6,3,20,20,0,0,0,0,10,10,10,0,0,1,0,,1,20
suppressed_minority-hierarchy-d0-h1,suppressed_minority,hierarchy,0,1,20,20,0,0,0,0,10,10,10,0,0,1,0,,1,20
suppressed_minority-hierarchy-d0-h3,suppressed_minority,hierarchy,0,3,20,20,0,0,0,0,10,10,10,0,0,1,0,,1,20
suppressed_minority-hierarchy-d2-h1,suppressed_minority,hierarchy,2,1,20,20,0,0,0,0,10,10,10,0,0,1,0,,1,20
suppressed_minority-hierarchy-d2-h3,suppressed_minority,hierarchy,2,3,20,20,0,0,0,0,10,10,10,0,0,1,0,,1,20
suppressed_minority-hierarchy-d6-h1,suppressed_minority,hierarchy,6,1,20,20,0,0,0,0,10,10,10,0,0,1,0,,1,20
suppressed_minority-hierarchy-d6-h3,suppressed_minority,hierarchy,6,3,20,20,0,0,0,0,10,10,10,0,0,1,0,,1,20
suppressed_minority-review-d0-h1,suppressed_minority,review,0,1,20,10,0,0,0,0,0,10,10,0,0,1,1,0,0,10
suppressed_minority-review-d0-h3,suppressed_minority,review,0,3,20,10,0,0,0,0,0,10,10,0,0,1,1,0,0,10
suppressed_minority-review-d2-h1,suppressed_minority,review,2,1,20,10,0,0,0,0,0,10,10,0,0,1,1,2,0,10
suppressed_minority-review-d2-h3,suppressed_minority,review,2,3,20,10,0,0,0,0,0,10,10,0,0,1,1,2,0,10
suppressed_minority-review-d6-h1,suppressed_minority,review,6,1,20,10,0,0,0,0,0,10,10,0,0,1,1,6,0,10
suppressed_minority-review-d6-h3,suppressed_minority,review,6,3,20,10,0,0,0,0,0,10,10,0,0,1,1,6,0,10
